index,length,unique_words,type_token_ratio,Flesch_Reading_ease_score,average_syllables_per_word,average_sentence_length,percentage_monosyllabic_words,percentage_polysyllabic_words
0,823,433,0.5261239368165249,61.16,1.5151883353584448,17.891304347826086,0.6998784933171325,0.10814094775212636
1,979,490,0.5005107252298263,69.92,1.4382022471910112,17.8,0.7139938712972421,0.09090909090909091
2,814,412,0.5061425061425061,61.36,1.4742014742014742,18.08888888888889,0.7002457002457002,0.11179361179361179
3,948,414,0.43670886075949367,65.05,1.4208860759493671,22.571428571428573,0.7457805907172996,0.09282700421940929
4,967,476,0.4922440537745605,55.47,1.483971044467425,23.585365853658537,0.7011375387797312,0.10754912099276112
5,809,319,0.3943139678615575,74.32,1.3522867737948083,21.864864864864863,0.7700865265760197,0.07169344870210136
6,813,388,0.47724477244772445,60.38,1.4280442804428044,27.1,0.7576875768757687,0.0996309963099631
7,958,426,0.44467640918580376,71.34,1.3674321503131524,16.80701754385965,0.7411273486430062,0.081419624217119
8,981,466,0.4750254841997961,54.56,1.547400611620795,24.525,0.6768603465851172,0.13353720693170235
9,787,382,0.48538754764930114,67.59,1.4078780177890724,20.17948717948718,0.7496823379923762,0.08640406607369759
10,1352,542,0.40088757396449703,68.3,1.3846153846153846,19.594202898550726,0.7492603550295858,0.07840236686390532
11,927,372,0.40129449838187703,59.67,1.4811218985976267,27.264705882352942,0.7346278317152104,0.11326860841423948
12,804,365,0.4539800995024876,78.59,1.349502487562189,17.866666666666667,0.7624378109452736,0.07338308457711443
13,974,445,0.45687885010266943,69.31,1.4507186858316221,18.37735849056604,0.7268993839835729,0.11293634496919917
14,815,430,0.5276073619631901,69.01,1.445398773006135,18.953488372093023,0.7141104294478527,0.10552147239263804
15,811,353,0.4352651048088779,71.24,1.4081381011097411,16.22,0.7805178791615289,0.09001233045622688
16,771,355,0.4604409857328145,60.95,1.496757457846952,18.357142857142858,0.7107652399481194,0.12710765239948119
17,1006,511,0.5079522862823062,59.64,1.497017892644135,20.12,0.6699801192842942,0.13220675944333996
18,850,393,0.4623529411764706,65.66,1.3905882352941177,21.794871794871796,0.7588235294117647,0.07294117647058823
19,803,389,0.48443337484433374,61.29,1.485678704856787,25.903225806451612,0.7198007471980075,0.1095890410958904
20,772,390,0.5051813471502591,70.02,1.4235751295336787,17.545454545454547,0.7590673575129534,0.08160621761658031
21,772,385,0.49870466321243523,76.56,1.33419689119171,19.3,0.8095854922279793,0.05958549222797927
22,874,420,0.4805491990846682,68.4,1.4164759725400458,19.0,0.7574370709382151,0.06864988558352403
23,827,424,0.5126964933494559,70.02,1.4014510278113663,17.97826086956522,0.7436517533252721,0.09189842805320435
24,978,448,0.45807770961145194,66.2,1.3732106339468302,29.636363636363637,0.7597137014314929,0.07464212678936605
25,784,400,0.5102040816326531,58.62,1.5229591836734695,20.63157894736842,0.701530612244898,0.12755102040816327
26,771,393,0.5097276264591439,53.14,1.5058365758754864,26.586206896551722,0.6835278858625162,0.14137483787289234
27,914,446,0.487964989059081,65.46,1.4398249452954048,22.29268292682927,0.7155361050328227,0.10284463894967177
28,968,419,0.43285123966942146,73.58,1.3801652892561984,14.447761194029852,0.7520661157024794,0.07954545454545454
29,841,445,0.5291319857312723,66.37,1.404280618311534,21.564102564102566,0.7384066587395958,0.09750297265160524
30,777,392,0.5045045045045045,65.05,1.4311454311454312,22.2,0.7541827541827542,0.08365508365508366
31,840,343,0.4083333333333333,76.66,1.3654761904761905,19.53488372093023,0.7619047619047619,0.06904761904761905
32,791,452,0.5714285714285714,72.36,1.4437420986093552,15.82,0.6864728192161821,0.09481668773704172
33,943,413,0.43796394485683987,71.07,1.3435843054082715,24.81578947368421,0.7868504772004242,0.07423117709437964
34,1789,611,0.34153158188932364,71.34,1.427613191727222,16.412844036697248,0.7356064840693125,0.09614309670206819
35,841,420,0.4994054696789536,58.21,1.5659928656361475,21.025,0.6860879904875149,0.15576694411414982
36,803,353,0.4396014943960149,53.89,1.3997509339975094,33.458333333333336,0.7658779576587795,0.0958904109589041
37,981,435,0.4434250764525994,67.89,1.4291539245667686,20.020408163265305,0.7268093781855249,0.08970438328236494
38,915,401,0.4382513661202186,66.57,1.4185792349726776,21.27906976744186,0.7158469945355191,0.08524590163934426
39,983,447,0.4547304170905392,72.97,1.4415055951169888,15.123076923076923,0.7029501525940997,0.1017293997965412
40,812,405,0.4987684729064039,52.94,1.5147783251231528,26.193548387096776,0.7032019704433498,0.12807881773399016
41,971,446,0.4593202883625129,66.37,1.419155509783728,21.57777777777778,0.7116374871266735,0.09474768280123584
42,773,324,0.4191461836998706,74.53,1.3247089262613196,21.47222222222222,0.7994825355756792,0.056921086675291076
43,935,447,0.47807486631016044,61.8,1.441711229946524,25.27027027027027,0.7572192513368984,0.09411764705882353
44,1002,414,0.41317365269461076,67.28,1.4161676646706587,20.875,0.7115768463073853,0.11277445109780439
45,977,410,0.4196519959058342,77.37,1.345957011258956,18.78846153846154,0.7922210849539406,0.0767656090071648
46,2386,668,0.2799664710813076,80.01,1.3587594300083823,16.013422818791945,0.778290025146689,0.053646269907795474
47,1284,480,0.37383177570093457,64.27,1.3263239875389408,31.317073170731707,0.8037383177570093,0.061526479750778816
48,800,384,0.48,53.34,1.49875,25.806451612903224,0.7,0.12875
49,1061,469,0.4420358152686145,52.02,1.5391140433553252,27.205128205128204,0.6625824693685203,0.13383600377002827
50,980,460,0.46938775510204084,51.62,1.506122448979592,27.22222222222222,0.7112244897959183,0.12244897959183673
51,936,401,0.4284188034188034,59.87,1.4262820512820513,27.529411764705884,0.7564102564102564,0.09615384615384616
52,956,438,0.4581589958158996,78.79,1.3127615062761506,17.703703703703702,0.797071129707113,0.06589958158995816
53,803,388,0.48318804483188044,51.62,1.4794520547945205,27.689655172413794,0.6936488169364882,0.1232876712328767
54,927,376,0.40560949298813376,68.2,1.4196332254584683,19.72340425531915,0.7141316073354909,0.08845738942826321
55,985,464,0.47106598984771575,72.97,1.4263959390862944,15.153846153846153,0.7076142131979696,0.09746192893401015
56,951,419,0.4405888538380652,65.76,1.4605678233438486,21.613636363636363,0.711882229232387,0.08937960042060988
57,1141,481,0.4215600350569676,59.26,1.4084136722173533,28.525,0.7221735319894829,0.09202453987730061
58,919,415,0.4515778019586507,63.93,1.471164309031556,23.564102564102566,0.7072905331882481,0.11643090315560392
59,977,422,0.43193449334698053,55.31,1.3766632548618218,32.56666666666667,0.7359263050153532,0.08290685772773797
60,771,382,0.49546044098573283,53.34,1.4889753566796369,25.7,0.7250324254215305,0.12710765239948119
61,888,440,0.4954954954954955,66.91,1.3873873873873874,28.64516129032258,0.7747747747747747,0.07432432432432433
62,847,397,0.46871310507674147,71.65,1.4250295159386068,15.981132075471699,0.7650531286894924,0.0885478158205431
63,773,473,0.6119016817593791,60.35,1.4864165588615783,19.325,0.6636481241914618,0.111254851228978
64,976,431,0.4415983606557377,74.19,1.3586065573770492,13.942857142857143,0.7540983606557377,0.0778688524590164
65,994,460,0.46277665995975853,65.76,1.4134808853118712,22.08888888888889,0.7434607645875252,0.1006036217303823
66,787,422,0.5362134688691232,68.3,1.4561626429479035,19.675,0.6886912325285895,0.096569250317662
67,993,517,0.5206445115810675,51.78,1.5075528700906344,20.26530612244898,0.62134944612286,0.14400805639476336
68,898,410,0.45657015590200445,59.67,1.3853006681514477,28.0625,0.7416481069042317,0.08463251670378619
69,811,384,0.47348951911220716,59.03,1.526510480887793,20.794871794871796,0.6596794081381011,0.15906288532675708
70,830,361,0.43493975903614457,54.49,1.3710843373493975,33.2,0.7650602409638554,0.09397590361445783
71,834,383,0.4592326139088729,74.42,1.381294964028777,21.384615384615383,0.7865707434052758,0.0803357314148681
72,875,430,0.49142857142857144,57.34,1.4434285714285715,30.17241379310345,0.7314285714285714,0.09828571428571428
73,864,435,0.5034722222222222,63.93,1.4386574074074074,23.35135135135135,0.7650462962962963,0.09606481481481481
74,850,347,0.4082352941176471,62.92,1.3976470588235295,24.285714285714285,0.7976470588235294,0.09411764705882353
75,858,378,0.4405594405594406,77.37,1.3706293706293706,18.652173913043477,0.7785547785547785,0.06643356643356643
76,884,426,0.4819004524886878,68.1,1.4434389140271493,19.644444444444446,0.7228506787330317,0.09954751131221719
77,981,425,0.4332313965341488,76.15,1.3017329255861365,20.4375,0.7716615698267074,0.05504587155963303
78,785,384,0.489171974522293,74.93,1.3528662420382165,21.216216216216218,0.7579617834394905,0.05987261146496815
79,782,388,0.4961636828644501,70.67,1.3772378516624042,25.225806451612904,0.7762148337595908,0.07672634271099744
80,949,459,0.48366701791359323,70.23,1.4141201264488936,17.90566037735849,0.7270811380400422,0.10326659641728135
81,975,387,0.39692307692307693,81.83,1.2943589743589743,14.552238805970148,0.8102564102564103,0.055384615384615386
82,775,354,0.4567741935483871,75.03,1.3341935483870968,20.945945945945947,0.7858064516129032,0.05032258064516129
83,943,470,0.4984093319194062,70.13,1.410392364793213,17.462962962962962,0.7582184517497349,0.0816542948038176
84,847,471,0.5560802833530106,40.62,1.577331759149941,30.25,0.6564344746162928,0.15702479338842976
85,972,431,0.4434156378600823,70.57,1.3590534979423867,25.57894736842105,0.7716049382716049,0.08127572016460906
86,939,449,0.47816826411075614,58.11,1.5303514376996805,20.866666666666667,0.7103301384451545,0.12673056443024494
87,800,402,0.5025,68.23,1.32125,27.586206896551722,0.805,0.055
88,851,421,0.49471210340775557,52.73,1.5041128084606346,26.59375,0.7074030552291422,0.1245593419506463
89,875,409,0.4674285714285714,55.2,1.4434285714285715,32.407407407407405,0.7348571428571429,0.11085714285714286
90,813,505,0.6211562115621156,55.17,1.5510455104551046,23.91176470588235,0.6568265682656826,0.13284132841328414
91,778,386,0.4961439588688946,45.46,1.4588688946015425,40.94736842105263,0.7287917737789203,0.09511568123393316
92,822,451,0.5486618004866181,54.7,1.4318734793187349,32.88,0.7214111922141119,0.10218978102189781
93,845,404,0.47810650887573963,59.33,1.4627218934911244,20.11904761904762,0.7005917159763314,0.11242603550295859
94,794,330,0.4156171284634761,76.62,1.385390428211587,11.342857142857143,0.7770780856423174,0.0906801007556675
95,832,389,0.4675480769230769,61.6,1.4158653846153846,26.0,0.7620192307692307,0.10096153846153846
96,973,401,0.41212744090441933,68.81,1.4193216855087358,18.71153846153846,0.775950668036999,0.10483042137718397
97,979,444,0.45352400408580185,58.96,1.435137895812053,28.794117647058822,0.7211440245148111,0.10112359550561797
98,792,340,0.4292929292929293,73.81,1.3838383838383839,22.0,0.7866161616161617,0.0845959595959596
99,1185,427,0.36033755274261603,75.64,1.3535864978902954,20.789473684210527,0.7721518987341772,0.08776371308016878
100,893,413,0.46248600223964165,56.32,1.4736842105263157,30.79310344827586,0.7267637178051511,0.10638297872340426
101,794,366,0.4609571788413098,70.67,1.3476070528967254,25.612903225806452,0.7795969773299748,0.07934508816120907
102,1132,545,0.48144876325088337,60.55,1.5017667844522968,18.866666666666667,0.6890459363957597,0.12279151943462897
103,847,477,0.5631641086186541,53.34,1.5029515938606848,25.666666666666668,0.7083825265643447,0.11688311688311688
104,842,398,0.47268408551068886,71.65,1.3812351543942993,16.84,0.7256532066508313,0.0997624703087886
105,985,461,0.46802030456852795,73.37,1.402030456852792,14.701492537313433,0.7248730964467005,0.083248730964467
106,860,394,0.45813953488372094,73.17,1.4104651162790698,14.576271186440678,0.7662790697674419,0.0872093023255814
107,907,443,0.4884233737596472,58.66,1.4906284454244763,28.34375,0.743109151047409,0.10694597574421169
108,842,427,0.5071258907363421,63.32,1.4144893111638954,24.057142857142857,0.7541567695961995,0.08788598574821853
109,956,518,0.5418410041841004,56.49,1.4539748953974896,23.317073170731707,0.6778242677824268,0.11192468619246862
110,954,516,0.5408805031446541,60.45,1.4947589098532494,19.08,0.6729559748427673,0.11635220125786164
111,797,374,0.46925972396486826,67.18,1.3927227101631117,20.435897435897434,0.767879548306148,0.09159347553324969
112,840,435,0.5178571428571429,72.7,1.35,23.333333333333332,0.7785714285714286,0.07261904761904762
113,1050,522,0.49714285714285716,67.49,1.463809523809524,20.192307692307693,0.7047619047619048,0.10095238095238095
114,782,387,0.4948849104859335,59.13,1.4987212276214834,20.57894736842105,0.6854219948849105,0.13043478260869565
115,874,392,0.448512585812357,83.96,1.345537757437071,12.309859154929578,0.8020594965675057,0.06636155606407322
116,894,377,0.4217002237136465,75.74,1.389261744966443,19.434782608695652,0.8400447427293065,0.07829977628635347
117,898,469,0.522271714922049,59.84,1.4888641425389755,19.955555555555556,0.6525612472160356,0.11692650334075724
118,961,430,0.4474505723204995,49.83,1.457856399583767,36.96153846153846,0.7346514047866806,0.1040582726326743
119,994,463,0.46579476861167,51.41,1.5372233400402415,27.61111111111111,0.6901408450704225,0.12977867203219315
120,911,418,0.4588364434687157,61.09,1.4094401756311745,26.02857142857143,0.7694840834248079,0.08562019758507135
121,942,427,0.45329087048832273,75.13,1.365180467091295,20.47826086956522,0.8227176220806794,0.0732484076433121
122,847,423,0.49940968122786306,67.08,1.4462809917355373,20.658536585365855,0.6989374262101535,0.07792207792207792
123,949,393,0.41412012644889357,69.21,1.4246575342465753,18.607843137254903,0.7281348788198103,0.09483667017913593
124,905,361,0.3988950276243094,78.89,1.338121546961326,17.403846153846153,0.7790055248618785,0.0718232044198895
125,908,466,0.513215859030837,69.31,1.38215859030837,18.53061224489796,0.748898678414097,0.07819383259911894
126,799,359,0.4493116395494368,62.27,1.4831038798498122,17.0,0.7246558197747184,0.11889862327909888
127,919,418,0.4548422198041349,58.25,1.4243743199129488,28.71875,0.7780195865070729,0.09357997823721437
128,958,459,0.4791231732776618,66.37,1.441544885177453,21.288888888888888,0.7265135699373695,0.09603340292275574
129,843,340,0.4033214709371293,66.57,1.3902728351126927,21.075,0.7366548042704626,0.07236061684460261
130,1002,457,0.4560878243512974,47.86,1.4740518962075848,31.3125,0.718562874251497,0.13273453093812376
131,962,464,0.48232848232848236,66.78,1.470893970893971,20.91304347826087,0.7068607068607069,0.10706860706860707
132,780,391,0.5012820512820513,60.89,1.391025641025641,26.896551724137932,0.7602564102564102,0.09487179487179487
133,880,410,0.4659090909090909,61.4,1.4272727272727272,25.142857142857142,0.7977272727272727,0.08181818181818182
134,953,455,0.4774396642182581,41.1,1.4144805876180482,45.38095238095238,0.7471143756558237,0.08289611752360965
135,985,468,0.4751269035532995,72.76,1.4467005076142132,15.153846153846153,0.7380710659898477,0.10761421319796954
136,928,447,0.4816810344827586,53.65,1.456896551724138,25.77777777777778,0.6875,0.09913793103448276
137,1055,457,0.43317535545023694,65.66,1.3772511848341231,21.979166666666668,0.75260663507109,0.06824644549763033
138,1171,568,0.4850555081127242,59.53,1.5311699402220325,19.847457627118644,0.6601195559350982,0.125533731853117
139,886,409,0.4616252821670429,81.83,1.3431151241534989,14.766666666666667,0.7652370203160271,0.07674943566591422
140,982,474,0.48268839103869654,67.89,1.3961303462321792,20.040816326530614,0.7393075356415478,0.09674134419551934
141,917,492,0.5365321701199564,50.4,1.6074154852780806,27.78787878787879,0.7011995637949836,0.15376226826608505
142,774,370,0.4780361757105943,69.82,1.396640826873385,18.0,0.7635658914728682,0.09302325581395349
143,970,476,0.49072164948453606,49.28,1.4927835051546392,29.393939393939394,0.7164948453608248,0.10927835051546392
144,890,317,0.3561797752808989,66.57,1.398876404494382,21.19047619047619,0.7471910112359551,0.07865168539325842
145,885,408,0.4610169491525424,68.4,1.4090395480225988,19.23913043478261,0.7423728813559322,0.0768361581920904
146,1058,412,0.389413988657845,66.17,1.3563327032136105,22.041666666666668,0.7580340264650284,0.09546313799621928
147,910,502,0.5516483516483517,39.23,1.4923076923076923,39.56521739130435,0.701098901098901,0.11318681318681319
148,888,421,0.4740990990990991,70.84,1.4403153153153154,17.076923076923077,0.7162162162162162,0.0945945945945946
149,795,405,0.5094339622641509,52.36,1.4377358490566037,34.56521739130435,0.7383647798742138,0.08553459119496855
150,1512,633,0.41865079365079366,73.17,1.4219576719576719,14.970297029702971,0.7096560846560847,0.083994708994709
151,962,444,0.46153846153846156,75.54,1.3773388773388773,20.46808510638298,0.7702702702702703,0.07484407484407485
152,993,458,0.4612286002014099,56.83,1.4491440080563949,31.03125,0.7109768378650554,0.11681772406847936
153,1184,571,0.4822635135135135,61.97,1.4653716216216217,17.671641791044777,0.7111486486486487,0.125
154,784,423,0.5395408163265306,49.08,1.5267857142857142,30.153846153846153,0.6683673469387755,0.13010204081632654
155,826,386,0.46731234866828086,61.5,1.444309927360775,25.8125,0.7433414043583535,0.10048426150121065
156,1659,604,0.3640747438215793,77.16,1.3936106088004823,18.640449438202246,0.783001808318264,0.08499095840867993
157,911,425,0.4665203073545554,61.6,1.4149286498353457,26.02857142857143,0.743139407244786,0.10537870472008781
158,805,354,0.43975155279503103,81.53,1.4037267080745341,14.12280701754386,0.8372670807453416,0.08074534161490683
159,984,484,0.491869918699187,67.79,1.4390243902439024,20.081632653061224,0.7022357723577236,0.09044715447154472
160,964,424,0.43983402489626555,68.6,1.4450207468879668,19.28,0.7178423236514523,0.10684647302904564
161,849,418,0.4923439340400471,69.72,1.4287396937573615,18.456521739130434,0.7078916372202592,0.10600706713780919
162,795,402,0.5056603773584906,71.44,1.3886792452830188,16.5625,0.7522012578616353,0.0830188679245283
163,1009,510,0.5054509415262636,46.85,1.510406342913776,32.54838709677419,0.6570862239841427,0.1199207135777998
164,792,374,0.4722222222222222,37.78,1.3737373737373737,56.57142857142857,0.7866161616161617,0.08080808080808081
165,779,432,0.5545571245186136,43.77,1.6046213093709885,26.862068965517242,0.6328626444159179,0.1527599486521181
166,1043,412,0.3950143815915628,84.37,1.3557046979865772,12.127906976744185,0.7660594439117929,0.07478427612655801
167,1483,623,0.4200944032366824,71.44,1.4153742414025623,16.852272727272727,0.6952124072825354,0.08631153068105192
168,786,388,0.49363867684478374,79.9,1.3715012722646311,16.375,0.7735368956743003,0.08015267175572519
169,964,416,0.4315352697095436,69.82,1.3744813278008299,18.18867924528302,0.7313278008298755,0.06846473029045644
170,994,487,0.48993963782696176,49.04,1.591549295774648,22.08888888888889,0.6428571428571429,0.16096579476861167
171,948,476,0.5021097046413502,60.99,1.4282700421940928,26.333333333333332,0.7310126582278481,0.07805907172995781
172,772,405,0.5246113989637305,72.97,1.4766839378238341,14.566037735849056,0.7642487046632125,0.11139896373056994
173,961,446,0.46409989594172735,57.2,1.5005202913631634,21.84090909090909,0.7180020811654526,0.12070759625390219
174,962,460,0.4781704781704782,64.24,1.3762993762993763,23.463414634146343,0.7598752598752598,0.08627858627858628
175,942,449,0.47664543524416136,68.2,1.4394904458598725,19.625,0.7250530785562632,0.10934182590233546
176,815,403,0.49447852760736194,71.85,1.3680981595092025,16.3,0.7374233128834355,0.07607361963190185
177,939,394,0.41959531416400425,71.07,1.31629392971246,24.710526315789473,0.8115015974440895,0.059637912673056445
178,951,406,0.42691903259726605,69.21,1.4153522607781284,18.28846153846154,0.7413249211356467,0.06309148264984227
179,815,410,0.5030674846625767,66.78,1.4552147239263804,20.897435897435898,0.7398773006134969,0.11533742331288344
180,811,364,0.44882860665844637,66.67,1.4106041923551171,20.794871794871796,0.7607891491985204,0.093711467324291
181,927,431,0.46494066882416396,52.57,1.4336569579288025,34.333333333333336,0.7529665587918015,0.0895361380798274
182,805,391,0.4857142857142857,79.9,1.3316770186335403,16.428571428571427,0.8037267080745342,0.06086956521739131
183,878,380,0.4328018223234624,63.12,1.470387243735763,24.38888888888889,0.7266514806378133,0.11845102505694761
184,785,371,0.4726114649681529,68.6,1.4292993630573247,19.146341463414632,0.7273885350318471,0.0929936305732484
185,952,476,0.5,57.5,1.4852941176470589,21.636363636363637,0.6995798319327731,0.11449579831932773
186,818,469,0.5733496332518337,40.31,1.636919315403423,30.296296296296298,0.5904645476772616,0.1528117359413203
187,982,421,0.4287169042769857,72.66,1.3686354378818737,15.34375,0.7505091649694501,0.07841140529531568
188,915,439,0.47978142076502733,69.62,1.4655737704918033,18.3,0.7038251366120218,0.10710382513661203
189,943,409,0.4337221633085896,66.27,1.4517497348886532,21.431818181818183,0.7306468716861082,0.10498409331919406
190,771,316,0.4098573281452659,70.26,1.297016861219196,25.7,0.8054474708171206,0.055771725032425425
191,813,364,0.44772447724477243,82.65,1.3665436654366543,13.779661016949152,0.7392373923739237,0.06150061500615006
192,807,465,0.5762081784386617,70.43,1.4312267657992566,17.543478260869566,0.7050805452292441,0.09913258983890955
193,879,395,0.44937428896473264,64.14,1.4675767918088738,23.13157894736842,0.7360637087599545,0.10580204778156997
194,964,369,0.38278008298755184,82.14,1.3734439834024896,14.176470588235293,0.7686721991701245,0.07676348547717843
195,893,385,0.4311310190369541,68.7,1.469204927211646,19.0,0.7178051511758119,0.1019036954087346
196,951,420,0.4416403785488959,64.48,1.3301787592008412,31.7,0.7718191377497371,0.0683491062039958
197,972,383,0.3940329218106996,67.79,1.4393004115226338,19.836734693877553,0.7376543209876543,0.10185185185185185
198,949,453,0.4773445732349842,64.95,1.4689146469968388,22.595238095238095,0.7133825079030558,0.09799789251844046
199,816,396,0.4852941176470588,66.07,1.482843137254902,21.473684210526315,0.7205882352941176,0.10416666666666667
200,781,352,0.4507042253521127,78.69,1.3508322663252241,17.75,0.7567221510883483,0.07170294494238157
201,974,509,0.5225872689938398,55.88,1.5523613963039014,23.19047619047619,0.6652977412731006,0.1273100616016427
202,895,380,0.4245810055865922,66.78,1.423463687150838,20.813953488372093,0.7541899441340782,0.09608938547486033
203,945,441,0.4666666666666667,52.12,1.5026455026455026,27.0,0.6973544973544974,0.12698412698412698
204,945,440,0.4656084656084656,56.79,1.5343915343915344,21.976744186046513,0.7047619047619048,0.11746031746031746
205,922,405,0.43926247288503256,83.46,1.3774403470715835,12.805555555555555,0.7537960954446855,0.06073752711496746
206,908,368,0.4052863436123348,81.33,1.3711453744493391,14.885245901639344,0.7720264317180616,0.07048458149779736
207,979,447,0.45658835546475995,62.07,1.5035750766087845,17.482142857142858,0.6843718079673136,0.12461695607763024
208,774,415,0.5361757105943152,46.44,1.4909560723514212,32.25,0.7170542635658915,0.11886304909560723
209,824,393,0.47694174757281554,69.62,1.3701456310679612,18.31111111111111,0.758495145631068,0.08737864077669903
210,892,463,0.5190582959641256,51.11,1.5,27.875,0.7017937219730942,0.1210762331838565
211,961,513,0.5338189386056191,61.87,1.4921956295525494,18.132075471698112,0.6607700312174818,0.13215400624349635
212,854,404,0.47306791569086654,67.08,1.4707259953161593,20.333333333333332,0.7400468384074942,0.10421545667447307
213,861,418,0.48548199767711964,47.42,1.6097560975609757,23.27027027027027,0.6445993031358885,0.16376306620209058
214,890,452,0.5078651685393258,60.65,1.5314606741573034,18.541666666666668,0.6921348314606741,0.12808988764044943
215,828,374,0.45169082125603865,67.99,1.4118357487922706,19.714285714285715,0.7403381642512077,0.0893719806763285
216,807,376,0.46592317224287483,62.21,1.41635687732342,25.21875,0.7211895910780669,0.06691449814126393
217,909,410,0.45104510451045104,72.19,1.3894389438943895,23.307692307692307,0.8041804180418042,0.0858085808580858
218,829,361,0.43546441495778043,69.82,1.4499396863691194,18.02173913043478,0.7237635705669482,0.10735826296743065
219,901,422,0.4683684794672586,57.81,1.4783573806881243,21.452380952380953,0.6958934517203108,0.11653718091009989
220,813,425,0.5227552275522755,62.82,1.4551045510455105,24.636363636363637,0.7306273062730627,0.09225092250922509
221,878,438,0.4988610478359909,41.87,1.5034168564920274,36.583333333333336,0.7027334851936219,0.12186788154897495
222,995,403,0.4050251256281407,54.56,1.499497487437186,24.875,0.6834170854271356,0.12462311557788945
223,926,390,0.42116630669546434,59.26,1.3855291576673867,28.060606060606062,0.7537796976241901,0.07667386609071274
224,954,472,0.4947589098532495,71.75,1.4528301886792452,16.16949152542373,0.7243186582809225,0.1090146750524109
225,819,425,0.518925518925519,58.76,1.4761904761904763,28.24137931034483,0.7338217338217338,0.10378510378510379
226,895,401,0.4480446927374302,66.78,1.4502793296089385,20.813953488372093,0.735195530726257,0.10502793296089385
227,792,393,0.4962121212121212,60.65,1.5126262626262625,18.857142857142858,0.6792929292929293,0.12878787878787878
228,867,425,0.49019607843137253,67.59,1.4625144175317186,20.162790697674417,0.7035755478662054,0.09688581314878893
229,984,384,0.3902439024390244,69.62,1.383130081300813,18.566037735849058,0.7164634146341463,0.08130081300813008
230,963,449,0.46625129802699894,70.13,1.4454828660436136,17.509090909090908,0.7570093457943925,0.10488058151609553
231,973,428,0.4398766700924974,38.18,1.5858170606372046,32.43333333333333,0.6855087358684481,0.15621788283658788
232,792,359,0.4532828282828283,54.97,1.4886363636363635,24.0,0.7335858585858586,0.11868686868686869
233,1488,531,0.35685483870967744,78.59,1.3198924731182795,17.50588235294118,0.8172043010752689,0.06384408602150538
234,823,404,0.4908869987849332,73.98,1.4179829890643985,13.716666666666667,0.7618469015795869,0.09234507897934387
235,833,384,0.460984393757503,77.37,1.3517406962785115,18.931818181818183,0.7671068427370948,0.06602641056422569
236,839,437,0.5208581644815257,50.74,1.399284862932062,36.47826086956522,0.7497020262216925,0.08581644815256258
237,948,394,0.41561181434599154,55.58,1.4978902953586497,23.7,0.6888185654008439,0.1308016877637131
238,950,429,0.4515789473684211,67.18,1.456842105263158,20.21276595744681,0.7210526315789474,0.09052631578947369
239,941,436,0.463336875664187,54.05,1.4633368756641871,25.43243243243243,0.7088204038257173,0.11689691817215728
240,810,394,0.48641975308641977,64.54,1.4395061728395062,23.142857142857142,0.7395061728395061,0.10740740740740741
241,935,490,0.5240641711229946,65.05,1.441711229946524,22.261904761904763,0.7433155080213903,0.08342245989304813
242,789,384,0.4866920152091255,58.89,1.3954372623574145,35.86363636363637,0.7832699619771863,0.07224334600760456
243,1324,572,0.43202416918429004,68.4,1.4237160120845922,19.18840579710145,0.7416918429003021,0.08006042296072508
244,813,423,0.5202952029520295,53.95,1.4686346863468636,25.40625,0.6949569495694957,0.1070110701107011
245,967,438,0.452947259565667,70.13,1.3960703205791107,17.581818181818182,0.7735263702171665,0.0889348500517063
246,975,536,0.5497435897435897,26.18,1.4348717948717948,60.9375,0.7107692307692308,0.09641025641025641
247,994,521,0.5241448692152918,53.92,1.5774647887323943,17.75,0.6116700201207244,0.16096579476861167
248,850,483,0.5682352941176471,65.46,1.4988235294117647,21.794871794871796,0.7247058823529412,0.10823529411764705
249,944,372,0.3940677966101695,66.3,1.3453389830508475,29.5,0.7870762711864406,0.06779661016949153
250,780,382,0.4897435897435897,67.38,1.4282051282051282,20.0,0.7410256410256411,0.0782051282051282
251,861,420,0.4878048780487805,59.33,1.4785133565621371,20.023255813953487,0.7328687572590011,0.11614401858304298
252,778,454,0.583547557840617,50.91,1.4460154241645244,29.923076923076923,0.6233933161953727,0.10411311053984576
253,922,343,0.3720173535791757,75.34,1.413232104121475,20.043478260869566,0.8177874186550976,0.08893709327548807
254,861,433,0.502903600464576,68.91,1.4006968641114983,19.133333333333333,0.718931475029036,0.08710801393728224
255,799,378,0.47309136420525655,71.55,1.425531914893617,16.306122448979593,0.7509386733416771,0.09762202753441802
256,951,454,0.4773922187171398,49.99,1.5667718191377498,28.818181818181817,0.6813880126182965,0.1440588853838065
257,810,355,0.4382716049382716,71.44,1.3876543209876544,16.53061224489796,0.7691358024691358,0.09506172839506173
258,951,427,0.4490010515247108,53.55,1.5036803364879074,25.7027027027027,0.6855941114616193,0.12828601472134596
259,789,316,0.4005069708491762,77.06,1.3396704689480354,19.24390243902439,0.7769328263624842,0.07224334600760456
260,865,430,0.49710982658959535,50.09,1.545664739884393,28.833333333333332,0.684393063583815,0.13179190751445086
261,959,450,0.4692387904066736,64.51,1.5276329509906152,14.984375,0.7028154327424401,0.13138686131386862
262,815,321,0.39386503067484663,77.87,1.3570552147239263,18.522727272727273,0.7815950920245399,0.08834355828220859
263,969,471,0.48606811145510836,71.24,1.4158926728586172,16.70689655172414,0.7347781217750258,0.09494324045407637
264,952,406,0.4264705882352941,63.49,1.5147058823529411,16.135593220338983,0.6722689075630253,0.13655462184873948
265,898,435,0.4844097995545657,55.88,1.475501113585746,23.63157894736842,0.6993318485523385,0.12249443207126949
266,791,406,0.5132743362831859,47.25,1.4867256637168142,32.958333333333336,0.6561314791403287,0.1390644753476612
267,969,442,0.45614035087719296,77.16,1.3632610939112486,18.634615384615383,0.7977296181630547,0.0608875128998968
268,804,419,0.5211442786069652,62.21,1.4813432835820894,25.125,0.7300995024875622,0.12189054726368159
269,959,505,0.5265901981230449,63.39,1.4880083420229406,16.25423728813559,0.6788321167883211,0.11783107403545359
270,935,497,0.5315508021390374,54.46,1.5657754010695186,24.605263157894736,0.679144385026738,0.1497326203208556
271,921,325,0.3528773072747014,70.67,1.3040173724212811,24.89189189189189,0.8241042345276873,0.04451682953311618
272,894,460,0.5145413870246085,39.0,1.5738255033557047,31.928571428571427,0.6543624161073825,0.15659955257270694
273,858,390,0.45454545454545453,73.31,1.3822843822843822,22.57894736842105,0.7867132867132867,0.08391608391608392
274,861,391,0.454123112659698,71.85,1.3914053426248547,15.944444444444445,0.775842044134727,0.09059233449477352
275,830,447,0.5385542168674698,52.63,1.5397590361445783,26.774193548387096,0.6638554216867469,0.13734939759036144
276,811,399,0.4919852034525277,61.9,1.4907521578298397,25.34375,0.7151664611590629,0.10357583230579531
277,809,393,0.4857849196538937,72.66,1.442521631644005,15.264150943396226,0.7330037082818294,0.10877626699629171
278,869,435,0.5005753739930955,66.07,1.3889528193325662,21.725,0.7376294591484465,0.0759493670886076
279,958,479,0.5,60.04,1.4832985386221293,19.16,0.7004175365344467,0.10855949895615867
280,859,411,0.47846332945285214,36.9,1.5064027939464493,40.904761904761905,0.7287543655413271,0.1140861466821886
281,910,407,0.4472527472527473,75.34,1.365934065934066,20.681818181818183,0.7802197802197802,0.07142857142857142
282,799,402,0.5031289111389237,71.34,1.3692115143929913,16.645833333333332,0.7484355444305382,0.07759699624530664
283,911,365,0.40065861690450055,68.54,1.305159165751921,27.606060606060606,0.7870472008781558,0.054884742041712405
284,958,429,0.44780793319415446,67.08,1.407098121085595,21.288888888888888,0.6899791231732777,0.08977035490605428
285,798,346,0.43358395989974935,70.43,1.4611528822055138,16.97872340425532,0.7857142857142857,0.10776942355889724
286,864,389,0.45023148148148145,69.92,1.412037037037037,17.632653061224488,0.7465277777777778,0.0763888888888889
287,790,364,0.4607594936708861,73.71,1.3506329113924052,22.571428571428573,0.759493670886076,0.06329113924050633
288,813,420,0.5166051660516605,56.42,1.4612546125461254,30.11111111111111,0.7601476014760148,0.0996309963099631
289,864,433,0.5011574074074074,53.24,1.5219907407407407,25.41176470588235,0.7256944444444444,0.1388888888888889
290,828,363,0.4384057971014493,52.97,1.3768115942028984,34.5,0.7657004830917874,0.09178743961352658
291,862,402,0.46635730858468677,72.76,1.4048723897911832,14.862068965517242,0.7726218097447796,0.06844547563805105
292,808,428,0.5297029702970297,56.49,1.5037128712871286,22.444444444444443,0.7066831683168316,0.11262376237623763
293,834,386,0.4628297362110312,71.24,1.39568345323741,16.352941176470587,0.7745803357314148,0.07913669064748201
294,963,527,0.5472481827622014,68.91,1.4350986500519212,19.26,0.6967808930425753,0.10488058151609553
295,941,412,0.43783209351753455,71.65,1.4845908607863973,15.683333333333334,0.7842720510095643,0.11902231668437832
296,856,381,0.44509345794392524,70.02,1.4158878504672898,17.46938775510204,0.7628504672897196,0.08294392523364486
297,794,406,0.5113350125944585,53.44,1.4937027707808563,25.612903225806452,0.7002518891687658,0.11460957178841309
298,773,342,0.4424320827943079,71.04,1.426908150064683,16.804347826086957,0.7516170763260026,0.10219922380336352
299,773,376,0.48641655886157825,58.39,1.3829236739974127,36.80952380952381,0.7606727037516171,0.06985769728331177
300,798,439,0.550125313283208,58.21,1.5075187969924813,21.0,0.6917293233082706,0.11278195488721804
301,905,438,0.4839779005524862,51.72,1.5193370165745856,27.424242424242426,0.6906077348066298,0.13259668508287292
302,852,423,0.4964788732394366,62.55,1.3838028169014085,32.76923076923077,0.784037558685446,0.0892018779342723
303,945,364,0.3851851851851852,73.78,1.3460317460317461,14.538461538461538,0.7322751322751323,0.07301587301587302
304,954,422,0.44234800838574423,71.75,1.4958071278825995,15.9,0.7127882599580713,0.1111111111111111
305,924,409,0.44264069264069267,69.72,1.4350649350649352,18.11764705882353,0.7380952380952381,0.10930735930735931
306,889,410,0.4611923509561305,33.75,1.5376827896512937,44.45,0.6872890888638921,0.12935883014623173
307,905,445,0.49171270718232046,47.52,1.6298342541436464,23.81578947368421,0.6187845303867403,0.17900552486187846
308,962,395,0.4106029106029106,60.18,1.3981288981288982,27.485714285714284,0.7432432432432432,0.09147609147609148
309,960,427,0.44479166666666664,57.5,1.55625,21.818181818181817,0.6739583333333333,0.15208333333333332
310,831,376,0.45246690734055356,63.46,1.364620938628159,31.96153846153846,0.802647412755716,0.08182912154031288
311,909,385,0.4235423542354235,49.01,1.4169416941694168,37.875,0.7744774477447744,0.09790979097909791
312,806,363,0.45037220843672454,63.02,1.3995037220843674,24.424242424242426,0.760545905707196,0.09305210918114144
313,807,402,0.49814126394052044,52.16,1.4175960346964065,35.08695652173913,0.7298636926889716,0.07930607187112763
314,958,488,0.5093945720250522,65.05,1.4248434237995824,22.27906976744186,0.755741127348643,0.08663883089770355
315,868,391,0.4504608294930876,73.81,1.3559907834101383,22.256410256410255,0.7695852534562212,0.07027649769585254
316,802,395,0.4925187032418953,70.53,1.4276807980049875,17.434782608695652,0.7019950124688279,0.09351620947630923
317,965,486,0.5036269430051813,67.79,1.4487046632124352,19.693877551020407,0.7450777202072539,0.09844559585492228
318,815,366,0.449079754601227,70.94,1.4073619631901841,16.979166666666668,0.7288343558282209,0.0834355828220859
319,845,426,0.5041420118343195,72.97,1.4201183431952662,14.824561403508772,0.7301775147928994,0.0757396449704142
320,956,460,0.4811715481171548,63.32,1.4288702928870294,23.9,0.7604602510460251,0.0794979079497908
321,787,309,0.3926302414231258,81.97,1.2719186785260483,21.86111111111111,0.8843710292249047,0.03939008894536213
322,993,428,0.4310171198388721,54.76,1.5236656596173213,24.825,0.6445115810674723,0.1379657603222558
323,784,363,0.4630102040816326,67.49,1.4591836734693877,20.102564102564102,0.7346938775510204,0.10714285714285714
324,982,446,0.45417515274949083,73.07,1.4480651731160896,14.878787878787879,0.7494908350305499,0.10692464358452139
325,870,401,0.46091954022988507,66.98,1.4494252873563218,20.714285714285715,0.7172413793103448,0.10919540229885058
326,974,449,0.46098562628336753,66.07,1.462012320328542,21.644444444444446,0.731006160164271,0.11088295687885011
327,896,379,0.42299107142857145,71.65,1.4185267857142858,16.59259259259259,0.6997767857142857,0.10044642857142858
328,934,421,0.45074946466809424,68.5,1.430406852248394,19.458333333333332,0.7323340471092077,0.10920770877944326
329,812,415,0.5110837438423645,58.45,1.4076354679802956,29.0,0.7216748768472906,0.07266009852216748
330,948,497,0.5242616033755274,72.36,1.4430379746835442,15.290322580645162,0.7531645569620253,0.0938818565400844
331,1251,540,0.4316546762589928,68.1,1.4532374100719425,19.857142857142858,0.6874500399680256,0.08313349320543566
332,996,491,0.4929718875502008,69.92,1.4447791164658634,18.10909090909091,0.6977911646586346,0.09538152610441768
333,1025,494,0.4819512195121951,61.7,1.3853658536585365,26.973684210526315,0.6965853658536585,0.09658536585365854
334,943,453,0.48038176033934255,69.52,1.3923647932131495,18.49019607843137,0.7412513255567338,0.08589607635206786
335,952,425,0.44642857142857145,56.08,1.490546218487395,23.21951219512195,0.7090336134453782,0.12710084033613445
336,807,421,0.5216852540272615,58.25,1.4609665427509293,28.821428571428573,0.7162329615861215,0.09541511771995044
337,834,397,0.47601918465227816,56.32,1.4244604316546763,30.88888888888889,0.7517985611510791,0.09232613908872901
338,910,403,0.44285714285714284,69.11,1.4230769230769231,18.571428571428573,0.7483516483516484,0.0989010989010989
339,970,456,0.47010309278350515,48.37,1.5061855670103093,30.3125,0.7154639175257732,0.11855670103092783
340,987,515,0.5217831813576495,66.88,1.4539007092198581,21.0,0.707193515704154,0.10739614994934144
341,898,397,0.4420935412026726,54.46,1.5211581291759466,24.27027027027027,0.7427616926503341,0.14365256124721604
342,773,383,0.49547218628719275,71.34,1.4372574385510997,16.4468085106383,0.7399741267787839,0.10478654592496765
343,813,409,0.5030750307503075,61.16,1.5104551045510455,18.066666666666666,0.7134071340713407,0.11316113161131611
344,941,440,0.4675876726886291,74.22,1.3942614240170033,21.386363636363637,0.7885228480340064,0.0765143464399575
345,994,451,0.4537223340040241,70.02,1.4185110663983904,18.072727272727274,0.7132796780684104,0.11167002012072434
346,770,321,0.41688311688311686,67.28,1.3987012987012988,20.263157894736842,0.7428571428571429,0.07922077922077922
347,798,458,0.5739348370927319,52.63,1.506265664160401,26.6,0.6666666666666666,0.12030075187969924
348,918,477,0.5196078431372549,57.61,1.4607843137254901,21.857142857142858,0.690631808278867,0.11655773420479303
349,871,386,0.4431687715269805,71.34,1.407577497129736,16.433962264150942,0.7531572904707233,0.09184845005740529
350,890,414,0.4651685393258427,74.59,1.4101123595505618,13.484848484848484,0.7325842696629213,0.09550561797752809
351,802,399,0.4975062344139651,73.17,1.4114713216957606,14.581818181818182,0.743142144638404,0.08478802992518704
352,1589,650,0.4090623033354311,71.55,1.3851478917558213,16.552083333333332,0.7268722466960352,0.0881057268722467
353,890,391,0.4393258426966292,66.78,1.392134831460674,20.697674418604652,0.7730337078651686,0.0898876404494382
354,789,372,0.4714828897338403,61.53,1.414448669201521,32.875,0.8035487959442332,0.07351077313054499
355,968,508,0.5247933884297521,60.35,1.4710743801652892,19.36,0.6776859504132231,0.12190082644628099
356,908,428,0.4713656387665198,73.78,1.4504405286343611,13.96923076923077,0.7533039647577092,0.11563876651982379
357,795,337,0.4238993710691824,79.3,1.3874213836477987,16.5625,0.7773584905660378,0.06037735849056604
358,914,431,0.47155361050328226,70.63,1.386214442013129,17.245283018867923,0.7396061269146609,0.07658643326039387
359,943,440,0.46659597030752914,78.28,1.3149522799575821,18.134615384615383,0.8016967126193001,0.06362672322375397
360,969,414,0.42724458204334365,73.88,1.3962848297213621,13.842857142857143,0.7781217750257998,0.08978328173374613
361,864,409,0.47337962962962965,62.82,1.4641203703703705,24.685714285714287,0.7071759259259259,0.10185185185185185
362,913,403,0.4414019715224535,71.55,1.416210295728368,16.6,0.6976998904709748,0.0832420591456736
363,984,492,0.5,59.64,1.4979674796747968,19.68,0.7123983739837398,0.12296747967479675
364,992,551,0.5554435483870968,60.45,1.5,19.076923076923077,0.686491935483871,0.12903225806451613
365,1002,455,0.4540918163672655,40.55,1.496007984031936,38.53846153846154,0.7035928143712575,0.13672654690618763
366,884,366,0.41402714932126694,57.84,1.4547511312217194,29.466666666666665,0.7115384615384616,0.09954751131221719
367,844,436,0.5165876777251185,54.56,1.4798578199052133,24.823529411764707,0.70260663507109,0.12559241706161137
368,922,391,0.4240780911062907,61.7,1.43058568329718,25.61111111111111,0.7440347071583514,0.09327548806941431
369,790,369,0.4670886075949367,72.16,1.429113924050633,15.490196078431373,0.7632911392405063,0.09873417721518987
370,1041,583,0.5600384245917387,47.18,1.6522574447646494,16.265625,0.5581171950048031,0.1882804995196926
371,796,413,0.5188442211055276,46.74,1.5301507537688441,31.84,0.7060301507537688,0.12939698492462312
372,906,473,0.522075055187638,70.84,1.4503311258278146,16.77777777777778,0.7295805739514348,0.09492273730684327
373,889,401,0.45106861642294716,63.56,1.388076490438695,31.75,0.7727784026996626,0.07874015748031496
374,865,445,0.5144508670520231,48.06,1.5294797687861272,30.892857142857142,0.6913294797687861,0.13872832369942195
375,947,371,0.3917634635691658,64.98,1.3062302006335798,30.548387096774192,0.8204857444561774,0.057022175290390706
376,796,390,0.4899497487437186,53.34,1.478643216080402,25.677419354838708,0.7223618090452262,0.1092964824120603
377,954,486,0.5094339622641509,47.46,1.5041928721174005,31.8,0.6635220125786163,0.12473794549266247
378,983,450,0.4577822990844354,70.84,1.4435401831129195,17.24561403508772,0.6937945066124109,0.10274669379450661
379,955,448,0.46910994764397906,62.48,1.4732984293193718,17.053571428571427,0.6910994764397905,0.11413612565445026
380,958,441,0.4603340292275574,73.78,1.395615866388309,14.088235294117647,0.755741127348643,0.06993736951983298
381,775,393,0.5070967741935484,71.44,1.423225806451613,16.145833333333332,0.7651612903225806,0.09290322580645162
382,1381,539,0.390296886314265,45.32,1.4742939898624186,33.68292682926829,0.7067342505430847,0.1223750905141202
383,845,429,0.5076923076923077,75.13,1.3597633136094676,21.125,0.7609467455621302,0.07218934911242604
384,783,414,0.5287356321839081,63.32,1.4393358876117497,24.46875,0.7088122605363985,0.09450830140485313
385,982,522,0.5315682281059063,55.58,1.5376782077393076,23.951219512195124,0.6659877800407332,0.14358452138492872
386,861,461,0.5354239256678281,55.47,1.5226480836236933,23.916666666666668,0.6794425087108014,0.13124274099883856
387,1245,516,0.41445783132530123,54.29,1.3951807228915662,32.76315789473684,0.7654618473895582,0.09317269076305221
388,948,432,0.45569620253164556,59.37,1.4525316455696202,27.88235294117647,0.740506329113924,0.0981012658227848
389,994,464,0.46680080482897385,72.05,1.3782696177062375,16.032258064516128,0.7424547283702213,0.07746478873239436
390,813,446,0.5485854858548586,57.03,1.4760147601476015,30.11111111111111,0.7257072570725708,0.11685116851168512
391,780,370,0.47435897435897434,71.04,1.3897435897435897,16.956521739130434,0.75,0.09358974358974359
392,805,401,0.49813664596273294,77.16,1.3478260869565217,19.166666666666668,0.7701863354037267,0.07204968944099378
393,912,482,0.5285087719298246,56.69,1.4890350877192982,22.8,0.6896929824561403,0.12171052631578948
394,874,453,0.5183066361556065,51.82,1.5194508009153318,27.3125,0.6807780320366132,0.12814645308924486
395,793,339,0.4274905422446406,65.56,1.4476670870113493,21.43243243243243,0.7818411097099621,0.1008827238335435
396,794,385,0.48488664987405544,68.7,1.4055415617128464,18.904761904761905,0.7795969773299748,0.0906801007556675
397,840,435,0.5178571428571429,60.89,1.486904761904762,26.25,0.7309523809523809,0.10595238095238095
398,899,377,0.41935483870967744,66.67,1.4471635150166853,20.906976744186046,0.7519466073414905,0.11457174638487208
399,917,486,0.529989094874591,61.97,1.5528898582333697,17.30188679245283,0.6641221374045801,0.11559432933478735
400,914,401,0.4387308533916849,67.38,1.4649890590809629,19.869565217391305,0.7483588621444202,0.0962800875273523
401,862,420,0.4872389791183295,61.77,1.517401392111369,17.591836734693878,0.7099767981438515,0.12993039443155452
402,785,393,0.5006369426751592,72.87,1.4585987261146496,15.096153846153847,0.7375796178343949,0.11082802547770701
403,892,381,0.42713004484304934,81.63,1.3396860986547086,14.866666666666667,0.7713004484304933,0.07847533632286996
404,772,311,0.4028497409326425,77.47,1.3458549222797926,18.38095238095238,0.8134715025906736,0.06217616580310881
405,773,341,0.4411384217335058,74.02,1.3596377749029753,22.085714285714285,0.7761966364812419,0.0724450194049159
406,858,368,0.4289044289044289,75.34,1.3275058275058276,20.428571428571427,0.8076923076923077,0.047785547785547784
407,830,429,0.516867469879518,66.17,1.4397590361445782,21.28205128205128,0.7433734939759036,0.0927710843373494
408,882,393,0.445578231292517,55.71,1.4240362811791383,31.5,0.7607709750566893,0.10770975056689343
409,921,433,0.47014115092290987,80.41,1.3724212812160694,15.610169491525424,0.8013029315960912,0.07057546145494029
410,947,443,0.4677930306230201,78.48,1.362196409714889,17.21818181818182,0.8109820485744457,0.06335797254487856
411,994,442,0.44466800804828976,84.37,1.3048289738430583,12.271604938271604,0.7706237424547284,0.052313883299798795
412,912,457,0.5010964912280702,66.07,1.4385964912280702,21.714285714285715,0.7225877192982456,0.09758771929824561
413,806,419,0.5198511166253101,54.19,1.4305210918114144,32.24,0.7803970223325062,0.09057071960297766
414,931,428,0.4597207303974221,69.31,1.3823845327604727,18.62,0.7454350161117078,0.08378088077336197
415,855,428,0.5005847953216375,62.72,1.4292397660818714,25.147058823529413,0.7099415204678362,0.10292397660818714
416,889,406,0.4566929133858268,65.25,1.4128233970753656,22.794871794871796,0.7041619797525309,0.08661417322834646
417,966,465,0.4813664596273292,66.51,1.3530020703933747,29.272727272727273,0.7743271221532091,0.07039337474120083
418,986,452,0.45841784989858014,69.62,1.394523326572008,18.25925925925926,0.7251521298174443,0.06896551724137931
419,811,378,0.46609124537607893,75.4,1.4180024660912454,12.476923076923077,0.7139334155363748,0.0752157829839704
420,1830,672,0.36721311475409835,63.83,1.4158469945355192,24.07894736842105,0.7377049180327869,0.11748633879781421
421,791,365,0.461441213653603,55.37,1.4968394437420987,23.96969696969697,0.6965865992414665,0.1302149178255373
422,773,341,0.4411384217335058,74.63,1.3738680465717983,21.47222222222222,0.7852522639068564,0.09314359637774904
423,989,484,0.48938321536905965,59.74,1.5025278058645095,19.78,0.6916076845298281,0.13751263902932254
424,798,400,0.5012531328320802,70.84,1.4172932330827068,16.97872340425532,0.7243107769423559,0.08521303258145363
425,976,417,0.42725409836065575,66.1,1.3432377049180328,29.575757575757574,0.798155737704918,0.06864754098360656
426,919,375,0.40805223068552776,60.99,1.4330794341675734,26.257142857142856,0.7519042437431991,0.09684439608269858
427,1000,441,0.441,67.49,1.405,20.408163265306122,0.735,0.094
428,887,399,0.44983089064261556,71.34,1.4092446448703495,16.735849056603772,0.7204058624577226,0.09019165727170236
429,795,398,0.5006289308176101,55.51,1.4125786163522012,31.8,0.7471698113207547,0.08553459119496855
430,817,353,0.4320685434516524,78.28,1.375764993880049,17.76086956521739,0.7943696450428397,0.08200734394124846
431,972,460,0.4732510288065844,70.02,1.4259259259259258,17.672727272727272,0.7407407407407407,0.08436213991769548
432,836,394,0.47129186602870815,62.61,1.4413875598086126,24.58823529411765,0.7607655502392344,0.10287081339712918
433,778,406,0.5218508997429306,66.57,1.3907455012853471,21.027027027027028,0.7480719794344473,0.07455012853470437
434,986,411,0.41683569979716023,49.18,1.5496957403651115,29.87878787878788,0.6622718052738337,0.14300202839756593
435,833,413,0.4957983193277311,71.85,1.4093637454981993,16.01923076923077,0.7430972388955582,0.08883553421368548
436,886,422,0.4762979683972912,70.94,1.4683972911963883,16.71698113207547,0.7279909706546276,0.11060948081264109
437,898,456,0.5077951002227171,65.56,1.4175946547884186,21.902439024390244,0.7527839643652561,0.08574610244988864
438,1247,446,0.35765838011226947,74.63,1.3905372894947874,21.135593220338983,0.789093825180433,0.07778668805132317
439,850,434,0.5105882352941177,73.71,1.3729411764705883,22.36842105263158,0.7635294117647059,0.07529411764705882
440,973,440,0.4522096608427544,52.29,1.5806783144912642,18.71153846153846,0.6608427543679343,0.15416238437821173
441,811,438,0.5400739827373613,68.81,1.4463625154130704,18.86046511627907,0.7299630086313194,0.09494451294697903
442,879,358,0.4072810011376564,70.33,1.3697383390216156,17.93877551020408,0.7315130830489193,0.09215017064846416
443,945,427,0.45185185185185184,66.88,1.3957671957671958,20.543478260869566,0.7661375661375661,0.07830687830687831
444,844,406,0.48104265402843605,53.48,1.430094786729858,33.76,0.7334123222748815,0.10308056872037914
445,771,366,0.47470817120622566,81.33,1.3722438391699092,14.826923076923077,0.7859922178988327,0.06874189364461739
446,956,394,0.4121338912133891,61.06,1.50418410041841,18.037735849056602,0.696652719665272,0.09832635983263599
447,857,435,0.5075845974329055,61.67,1.4889148191365227,17.854166666666668,0.6814469078179697,0.11435239206534423
448,774,414,0.5348837209302325,42.72,1.6744186046511629,20.36842105263158,0.5749354005167958,0.19638242894056848
449,849,446,0.525323910482921,54.15,1.497055359246172,24.970588235294116,0.71849234393404,0.13191990577149587
450,895,431,0.48156424581005586,75.44,1.3385474860335196,20.813953488372093,0.7910614525139665,0.06480446927374302
451,986,528,0.5354969574036511,56.69,1.502028397565923,22.930232558139537,0.6876267748478702,0.11460446247464504
452,822,370,0.45012165450121655,73.78,1.4184914841849148,14.172413793103448,0.7481751824817519,0.09732360097323602
453,988,427,0.43218623481781376,59.57,1.4483805668016194,28.228571428571428,0.7165991902834008,0.11336032388663968
454,785,433,0.5515923566878981,50.8,1.5452229299363058,28.035714285714285,0.6917197452229299,0.1375796178343949
455,943,412,0.4369034994697773,68.1,1.4209968186638389,19.645833333333332,0.7444326617179216,0.09225874867444327
456,790,359,0.4544303797468354,76.56,1.3645569620253164,19.75,0.7645569620253164,0.07215189873417721
457,932,388,0.41630901287553645,79.6,1.3272532188841202,16.350877192982455,0.8036480686695279,0.04184549356223176
458,771,370,0.4798962386511025,39.64,1.5201037613488975,38.55,0.7068741893644618,0.12062256809338522
459,934,411,0.4400428265524625,56.52,1.455032119914347,30.129032258064516,0.7537473233404711,0.09528907922912205
460,943,440,0.46659597030752914,67.79,1.4676564156945917,19.645833333333332,0.7274655355249204,0.10180275715800637
461,984,462,0.4695121951219512,52.33,1.532520325203252,26.594594594594593,0.7002032520325203,0.13821138211382114
462,989,432,0.4368048533872599,68.1,1.4044489383215368,19.78,0.7098078867542973,0.07583417593528817
463,833,383,0.4597839135654262,79.9,1.3457382953181272,16.66,0.7466986794717887,0.07202881152460984
464,900,422,0.4688888888888889,77.98,1.33,18.367346938775512,0.7955555555555556,0.07
465,892,428,0.4798206278026906,60.99,1.460762331838565,26.235294117647058,0.7511210762331838,0.11210762331838565
466,1063,455,0.4280338664158043,59.98,1.451552210724365,27.973684210526315,0.7064910630291628,0.11853245531514581
467,851,380,0.44653349001175086,58.35,1.427732079905993,29.344827586206897,0.7379553466509988,0.10575793184488837
468,784,400,0.5102040816326531,60.58,1.3928571428571428,27.03448275862069,0.7487244897959183,0.08290816326530612
469,947,390,0.4118268215417107,63.83,1.463569165786695,23.097560975609756,0.7708553326293559,0.11404435058078141
470,875,422,0.48228571428571426,65.56,1.4205714285714286,21.875,0.7462857142857143,0.08685714285714285
471,790,394,0.49873417721518987,65.76,1.459493670886076,21.944444444444443,0.710126582278481,0.10126582278481013
472,929,416,0.4477933261571582,63.93,1.488697524219591,23.225,0.7395048439181916,0.10979547900968784
473,812,370,0.45566502463054187,76.45,1.3559113300492611,19.804878048780488,0.7586206896551724,0.05665024630541872
474,863,366,0.4241019698725377,82.95,1.3221320973348782,13.698412698412698,0.779837775202781,0.07647740440324449
475,801,387,0.48314606741573035,69.21,1.3807740324594258,18.627906976744185,0.7578027465667915,0.08489388264669163
476,834,448,0.5371702637889688,55.68,1.4976019184652278,23.82857142857143,0.6738609112709832,0.12709832134292565
477,889,451,0.5073115860517435,36.09,1.4904386951631046,42.333333333333336,0.7120359955005624,0.11811023622047244
478,856,406,0.4742990654205608,68.81,1.4731308411214954,19.022222222222222,0.7126168224299065,0.11565420560747663
479,950,453,0.4768421052631579,65.46,1.4294736842105262,22.61904761904762,0.7073684210526315,0.09894736842105263
480,957,435,0.45454545454545453,46.14,1.5235109717868338,33.0,0.6802507836990596,0.12748171368861025
481,950,446,0.4694736842105263,68.3,1.4231578947368422,19.0,0.7884210526315789,0.1
482,824,365,0.4429611650485437,88.43,1.3385922330097086,8.323232323232324,0.7305825242718447,0.055825242718446605
483,969,508,0.5242518059855521,40.15,1.5149638802889578,38.76,0.6790505675954592,0.1238390092879257
484,815,375,0.4601226993865031,64.0,1.3079754601226994,38.80952380952381,0.8392638036809816,0.04294478527607362
485,973,460,0.4727646454265159,72.76,1.4542651593011304,15.203125,0.7379239465570401,0.11099691675231244
486,785,380,0.4840764331210191,72.46,1.4585987261146496,15.392156862745098,0.70828025477707,0.09171974522292993
487,842,434,0.5154394299287411,51.21,1.5332541567695963,28.066666666666666,0.6745843230403801,0.1342042755344418
488,913,419,0.4589266155531216,64.14,1.4742606790799562,23.41025641025641,0.7360350492880613,0.12157721796276014
489,782,354,0.45268542199488493,61.5,1.3734015345268542,26.066666666666666,0.7659846547314578,0.07033248081841433
490,960,367,0.38229166666666664,84.17,1.35,12.0,0.80625,0.058333333333333334
491,770,343,0.44545454545454544,78.69,1.3298701298701299,17.5,0.7896103896103897,0.06233766233766234
492,1070,495,0.46261682242990654,66.88,1.45607476635514,20.980392156862745,0.7168224299065421,0.11121495327102804
493,932,436,0.4678111587982833,67.99,1.4184549356223175,19.829787234042552,0.7242489270386266,0.0944206008583691
494,981,428,0.436289500509684,55.51,1.3883792048929664,31.64516129032258,0.7584097859327217,0.07747196738022426
495,966,475,0.4917184265010352,64.14,1.4648033126293996,23.5609756097561,0.7091097308488613,0.10559006211180125
496,881,471,0.5346197502837684,58.62,1.5164585698070374,20.976190476190474,0.6799091940976163,0.12599318955732122
497,832,346,0.41586538461538464,72.19,1.3725961538461537,23.11111111111111,0.8245192307692307,0.07091346153846154
498,792,425,0.5366161616161617,49.79,1.476010101010101,29.333333333333332,0.6868686868686869,0.10732323232323232
499,968,525,0.5423553719008265,53.95,1.5444214876033058,25.473684210526315,0.6487603305785123,0.11880165289256199
